lang_a,lang_b,jsd
en,spani,0.6352177988643994
en,germa,0.38710485999239663
spani,portu,0.4772856915435094

